id;name;description;value;document;document_content_type;debtor_identification;debtor_identification_type;debtor_country
1;rJmNMncKfdNKNXnlk EG JaRGVZOHy;Home Loan Account Table Computer;5808;../data/blob/hipster.png;image/png;FTP Savings Account;deposit Tasty Metal Bacon Implementation;Chips
2;rVBTpOtGqHKDbenbXVQrxZjWfsyVV;Albania web-readiness;29122;../data/blob/hipster.png;image/png;Investment Account Steel;Coordinator;Common
3;mHEZmLflPHBLcuJZBcGAGKNLOFMmEm;Refined Rubber Chicken Table;6505;../data/blob/hipster.png;image/png;Factors;South Dakota envisioneer Music;Nakfa
4;rpNtbagb;Games Regional Digitized;66252;../data/blob/hipster.png;image/png;hardware Costa Rica Mayotte;Industrial;connect Markets Chief
5;ctkLhJMltxFkmjbIlqpvwuJnMIUKoU;sky blue Tasty Plastic Pizza;38867;../data/blob/hipster.png;image/png;interactive generating compelling;Home Loan Account;Plastic
6;wEAqTqTuEtJUANHnwyETgwJRbpzyAJ;orange Books;81546;../data/blob/hipster.png;image/png;monitor;1080p Checking Account Identity;Frozen IB
7;wGAQxQLRbtbsleImLdhQTUfoWqcrnW;moratorium moratorium;72960;../data/blob/hipster.png;image/png;withdrawal COM;embrace Developer;synthesize Idaho compress
8;zqunKQY  uj;Intelligent Outdoors;63641;../data/blob/hipster.png;image/png;knowledge base Buckinghamshire;Concrete Investment Account Saint Lucia;User-centric
9;JOihsmJFDWUsJQGnBaPNUDQEbOlqwR;Salad Web virtual;63340;../data/blob/hipster.png;image/png;RSS;mint green e-business EXE;back-end
10;SnzRdW;synergies copying;86073;../data/blob/hipster.png;image/png;Games;Iraq Bedfordshire;Concrete 24/7 Directives
